Sales Person,Country,Product,Amount,Boxes Shipped,Date
Jehu Rudeforth,UK,Mint Chip Choco,"£5,320",180,1/4/2022
Van Tuxwell,India,85% Dark Bars,"£7,896",94,8/1/2022
Gigi Bohling,India,Peanut Butter Cubes,"£4,501",91,7/7/2022
Jan Morforth,Australia,Peanut Butter Cubes,"£12,726",342,4/27/2022
Jehu Rudeforth,UK,Peanut Butter Cubes,"£13,685",184,2/24/2022
Van Tuxwell,India,Smooth Sliky Salty,"£5,376",38,6/6/2022
Oby Sorrel,UK,99% Dark & Pure,"£13,685",176,1/25/2022
Gunar Cockshoot,Australia,After Nines,"£3,080",73,3/24/2022
Jehu Rudeforth,New Zealand,50% Dark Bites,"£3,990",59,4/20/2022
Brien Boise,Australia,99% Dark & Pure,"£2,835",102,7/4/2022
Rafaelita Blaksland,UK,Smooth Sliky Salty,"£4,704",62,1/13/2022
Barr Faughny,USA,Orange Choco,"£3,703",11,3/10/2022
Mallorie Waber,Canada,Eclairs,"£1,442",286,1/13/2022
Karlen McCaffrey,New Zealand,Drinking Coco,£168,156,7/28/2022
Marney O'Breen,New Zealand,Peanut Butter Cubes,"£8,379",173,8/3/2022
Beverie Moffet,Australia,Organic Choco Syrup,"£6,790",356,1/26/2022
Van Tuxwell,Canada,Organic Choco Syrup,"£4,067",42,2/14/2022
Roddy Speechley,USA,Smooth Sliky Salty,"£3,017",140,4/5/2022
Beverie Moffet,Canada,Milk Bars,"£8,799",250,2/16/2022
Curtice Advani,UK,85% Dark Bars,"£1,085",172,6/8/2022
Brien Boise,Australia,Eclairs,"£6,888",88,6/27/2022
Gunar Cockshoot,USA,Spicy Special Slims,"£1,267",157,2/17/2022
Marney O'Breen,USA,After Nines,"£4,753",163,5/30/2022
Husein Augar,UK,Drinking Coco,"£3,003",113,3/14/2022
Kaine Padly,Australia,Eclairs,"£7,672",115,2/28/2022
Karlen McCaffrey,India,Fruit & Nut Bars,£168,321,1/26/2022
Roddy Speechley,Canada,Spicy Special Slims,"£1,652",186,2/9/2022
Husein Augar,USA,Eclairs,"£4,025",112,7/7/2022
Dennison Crosswaite,New Zealand,White Choc,"£9,492",151,7/5/2022
Dennison Crosswaite,New Zealand,Manuka Honey Choco,"£5,061",301,6/15/2022
Van Tuxwell,New Zealand,85% Dark Bars,"£1,722",121,5/24/2022
Rafaelita Blaksland,UK,99% Dark & Pure,"£12,446",150,6/29/2022
Wilone O'Kielt,Australia,Manuka Honey Choco,"£4,284",94,5/11/2022
Karlen McCaffrey,UK,Almond Choco,"£6,839",133,6/30/2022
Andria Kimpton,Canada,After Nines,"£2,163",70,5/11/2022
Roddy Speechley,USA,Manuka Honey Choco,"£9,583",315,7/22/2022
Andria Kimpton,UK,50% Dark Bites,"£2,653",314,8/24/2022
Kelci Walkden,New Zealand,After Nines,£147,72,7/7/2022
Camilla Castle,Australia,85% Dark Bars,"£3,654",14,5/19/2022
Karlen McCaffrey,India,Manuka Honey Choco,"£2,443",581,7/4/2022
Kelci Walkden,USA,After Nines,£938,16,6/2/2022
Karlen McCaffrey,USA,Raspberry Choco,"£14,749",354,4/15/2022
Mallorie Waber,Canada,Choco Coated Almonds,"£4,781",241,7/11/2022
Andria Kimpton,India,Spicy Special Slims,"£6,307",142,2/23/2022
Madelene Upcott,Canada,Almond Choco,"£7,602",102,8/22/2022
Kaine Padly,USA,Peanut Butter Cubes,"£6,790",188,2/16/2022
Van Tuxwell,USA,50% Dark Bites,"£9,737",160,1/13/2022
Curtice Advani,Australia,Milk Bars,"£6,979",18,2/14/2022
Roddy Speechley,India,Eclairs,"£4,382",303,6/10/2022
Curtice Advani,India,Fruit & Nut Bars,"£5,243",176,7/7/2022
Curtice Advani,Canada,Almond Choco,"£4,865",70,3/24/2022
Brien Boise,Australia,Fruit & Nut Bars,"£8,575",23,6/6/2022
Dotty Strutley,Australia,Drinking Coco,£91,135,7/19/2022
Beverie Moffet,USA,Raspberry Choco,"£14,798",83,4/19/2022
Marney O'Breen,India,85% Dark Bars,"£2,205",179,7/19/2022
Jehu Rudeforth,Canada,Drinking Coco,£441,24,7/15/2022
Ches Bonnell,New Zealand,Spicy Special Slims,"£3,556",18,2/14/2022
Brien Boise,Canada,99% Dark & Pure,"£16,793",416,5/18/2022
Barr Faughny,Australia,Fruit & Nut Bars,"£15,421",55,6/30/2022
Andria Kimpton,Australia,50% Dark Bites,"£4,438",227,6/2/2022
Andria Kimpton,Australia,Drinking Coco,"£1,603",48,6/28/2022
Marney O'Breen,Australia,Organic Choco Syrup,£273,174,5/16/2022
Kelci Walkden,Canada,Baker's Choco Chips,"£3,073",302,5/26/2022
Karlen McCaffrey,India,Almond Choco,"£6,090",149,7/6/2022
Oby Sorrel,India,99% Dark & Pure,"£10,255",11,5/27/2022
Wilone O'Kielt,Australia,Caramel Stuffed Bars,"£2,030",11,4/14/2022
Van Tuxwell,Australia,Organic Choco Syrup,"£19,453",14,8/10/2022
Camilla Castle,India,50% Dark Bites,"£9,275",411,7/4/2022
Oby Sorrel,India,Organic Choco Syrup,"£6,181",56,7/8/2022
Jan Morforth,USA,Peanut Butter Cubes,"£9,037",102,7/22/2022
Gigi Bohling,USA,Choco Coated Almonds,"£12,313",103,3/2/2022
Gigi Bohling,UK,Almond Choco,"£5,642",9,1/10/2022
Jehu Rudeforth,New Zealand,White Choc,"£2,800",241,3/11/2022
Andria Kimpton,New Zealand,Peanut Butter Cubes,£959,265,6/20/2022
Van Tuxwell,UK,Organic Choco Syrup,"£2,002",214,8/26/2022
Roddy Speechley,Canada,Milk Bars,£609,32,7/13/2022
Camilla Castle,USA,Spicy Special Slims,"£1,274",244,2/11/2022
Marney O'Breen,USA,Orange Choco,"£7,595",181,1/27/2022
Van Tuxwell,UK,99% Dark & Pure,"£4,725",137,1/31/2022
Camilla Castle,USA,White Choc,"£9,681",24,8/18/2022
Andria Kimpton,USA,Raspberry Choco,"£14,504",21,6/30/2022
Dotty Strutley,Australia,Fruit & Nut Bars,£280,311,8/23/2022
Brien Boise,New Zealand,Mint Chip Choco,£63,181,8/1/2022
Roddy Speechley,New Zealand,After Nines,"£8,001",10,5/25/2022
Roddy Speechley,Canada,Organic Choco Syrup,"£4,032",82,1/10/2022
Dennison Crosswaite,Australia,70% Dark Bites,"£5,859",108,2/7/2022
Karlen McCaffrey,USA,Orange Choco,"£11,095",401,5/12/2022
Madelene Upcott,Australia,Spicy Special Slims,"£7,182",408,3/7/2022
Dennison Crosswaite,Australia,85% Dark Bars,"£6,881",420,4/5/2022
Andria Kimpton,Canada,Caramel Stuffed Bars,"£7,154",348,1/3/2022
Dennison Crosswaite,UK,Eclairs,"£6,188",270,3/24/2022
Madelene Upcott,India,Raspberry Choco,"£4,221",9,7/7/2022
Van Tuxwell,USA,After Nines,£630,264,7/26/2022
Wilone O'Kielt,Australia,Organic Choco Syrup,"£1,743",111,7/7/2022
Karlen McCaffrey,Canada,50% Dark Bites,"£2,919",65,7/15/2022
Roddy Speechley,New Zealand,Orange Choco,£49,97,4/1/2022
Beverie Moffet,Australia,Eclairs,"£1,827",6,6/20/2022
Kelci Walkden,UK,Fruit & Nut Bars,"£13,006",482,6/29/2022
Marney O'Breen,USA,50% Dark Bites,"£1,064",106,6/15/2022
Husein Augar,USA,After Nines,"£11,571",180,4/8/2022
Dennison Crosswaite,Australia,Raspberry Choco,"£5,740",31,3/14/2022
Andria Kimpton,USA,Fruit & Nut Bars,"£1,456",359,7/15/2022
Kelci Walkden,India,Eclairs,"£5,334",80,4/19/2022
Marney O'Breen,USA,99% Dark & Pure,"£4,151",296,3/28/2022
Brien Boise,Canada,Spicy Special Slims,"£8,106",101,3/4/2022
Karlen McCaffrey,New Zealand,70% Dark Bites,£126,40,8/2/2022
Husein Augar,UK,Spicy Special Slims,"£4,697",42,8/25/2022
Marney O'Breen,USA,Almond Choco,"£7,798",167,2/25/2022
Kelci Walkden,India,Orange Choco,"£9,408",138,6/7/2022
Jan Morforth,India,Spicy Special Slims,"£1,939",520,4/12/2022
Ches Bonnell,India,Spicy Special Slims,"£10,906",94,7/6/2022
Kelci Walkden,UK,Smooth Sliky Salty,"£5,929",175,1/19/2022
Madelene Upcott,Australia,Fruit & Nut Bars,"£5,579",92,1/5/2022
Madelene Upcott,Canada,70% Dark Bites,"£10,927",141,1/24/2022
Wilone O'Kielt,Australia,Drinking Coco,£623,283,4/6/2022
Gunar Cockshoot,Australia,Fruit & Nut Bars,"£6,013",21,6/15/2022
Gigi Bohling,Canada,Baker's Choco Chips,"£1,505",47,1/28/2022
Kelci Walkden,India,Caramel Stuffed Bars,£476,125,3/16/2022
Rafaelita Blaksland,Australia,Drinking Coco,"£11,550",396,2/21/2022
Kelci Walkden,USA,Manuka Honey Choco,"£17,318",87,2/16/2022
Jehu Rudeforth,Canada,Spicy Special Slims,"£1,848",27,1/13/2022
Kelci Walkden,Australia,Eclairs,"£7,273",547,3/23/2022
Curtice Advani,Canada,Spicy Special Slims,£854,118,6/16/2022
Oby Sorrel,India,Raspberry Choco,"£6,832",46,4/14/2022
Kelci Walkden,UK,Eclairs,"£4,606",57,1/25/2022
Jan Morforth,India,Almond Choco,"£4,466",22,3/11/2022
Dotty Strutley,UK,Almond Choco,"£16,114",96,7/28/2022
Marney O'Breen,New Zealand,After Nines,"£1,561",44,3/9/2022
Husein Augar,Australia,Orange Choco,"£8,897",188,6/28/2022
Marney O'Breen,Australia,Milk Bars,"£2,464",387,7/28/2022
Kelci Walkden,Canada,99% Dark & Pure,"£4,830",50,8/15/2022
Kaine Padly,Australia,Manuka Honey Choco,"£2,765",264,1/12/2022
Beverie Moffet,New Zealand,White Choc,"£7,126",7,3/24/2022
Van Tuxwell,UK,Milk Bars,"£4,263",90,7/25/2022
Oby Sorrel,Canada,99% Dark & Pure,"£3,605",403,8/1/2022
Van Tuxwell,India,Organic Choco Syrup,"£19,929",174,5/16/2022
Roddy Speechley,India,Smooth Sliky Salty,"£5,103",140,8/10/2022
Jan Morforth,India,Eclairs,"£2,541",27,1/5/2022
Ches Bonnell,UK,Smooth Sliky Salty,"£5,663",110,7/11/2022
Wilone O'Kielt,USA,After Nines,£392,30,4/25/2022
Gigi Bohling,New Zealand,Fruit & Nut Bars,"£10,976",121,4/4/2022
Barr Faughny,USA,Raspberry Choco,"£9,282",101,4/12/2022
Wilone O'Kielt,New Zealand,85% Dark Bars,"£1,827",117,8/2/2022
Gigi Bohling,New Zealand,Manuka Honey Choco,"£8,267",272,6/28/2022
Ches Bonnell,Australia,Eclairs,"£4,116",128,7/5/2022
Rafaelita Blaksland,New Zealand,Choco Coated Almonds,"£2,093",45,6/7/2022
Brien Boise,New Zealand,Smooth Sliky Salty,"£1,015",27,1/18/2022
Brien Boise,Australia,Baker's Choco Chips,"£12,516",212,1/4/2022
Dennison Crosswaite,Australia,99% Dark & Pure,"£2,758",18,1/31/2022
Kelci Walkden,India,Almond Choco,"£3,297",149,3/14/2022
Camilla Castle,Australia,70% Dark Bites,"£6,048",477,4/29/2022
Oby Sorrel,India,Smooth Sliky Salty,"£10,101",108,2/7/2022
Kaine Padly,UK,Organic Choco Syrup,"£2,282",178,3/31/2022
Marney O'Breen,India,Caramel Stuffed Bars,"£4,361",81,3/16/2022
Karlen McCaffrey,UK,Eclairs,"£7,798",196,1/25/2022
Van Tuxwell,India,Baker's Choco Chips,"£3,052",447,6/20/2022
Gigi Bohling,UK,After Nines,"£8,029",175,3/29/2022
Curtice Advani,Australia,Orange Choco,£854,136,7/12/2022
Jehu Rudeforth,Canada,Smooth Sliky Salty,"£5,460",138,7/11/2022
Karlen McCaffrey,Canada,Smooth Sliky Salty,"£3,017",184,1/19/2022
Andria Kimpton,USA,85% Dark Bars,"£8,911",82,4/5/2022
Jehu Rudeforth,Canada,Milk Bars,"£7,203",12,2/21/2022
Rafaelita Blaksland,New Zealand,Caramel Stuffed Bars,"£13,083",14,5/20/2022
Mallorie Waber,Australia,Milk Bars,"£2,779",104,7/29/2022
Barr Faughny,USA,Fruit & Nut Bars,"£9,058",46,1/28/2022
Marney O'Breen,UK,Caramel Stuffed Bars,"£3,549",112,7/19/2022
Mallorie Waber,New Zealand,Manuka Honey Choco,"£9,436",11,4/13/2022
Roddy Speechley,India,Peanut Butter Cubes,"£10,283",21,2/11/2022
Roddy Speechley,New Zealand,Milk Bars,"£5,446",116,3/2/2022
Ches Bonnell,Australia,White Choc,"£1,043",202,3/2/2022
Van Tuxwell,USA,99% Dark & Pure,"£12,586",6,7/28/2022
Kelci Walkden,India,After Nines,"£1,687",520,1/7/2022
Brien Boise,UK,White Choc,"£5,299",167,4/12/2022
Van Tuxwell,Canada,Almond Choco,"£3,213",72,6/27/2022
Jehu Rudeforth,Australia,50% Dark Bites,"£5,194",418,1/14/2022
Karlen McCaffrey,UK,Baker's Choco Chips,"£4,753",389,2/7/2022
Jehu Rudeforth,Australia,Orange Choco,"£13,706",26,3/23/2022
Marney O'Breen,India,Peanut Butter Cubes,"£6,489",146,1/10/2022
Oby Sorrel,UK,Choco Coated Almonds,"£9,324",41,3/17/2022
Gigi Bohling,USA,Spicy Special Slims,"£10,829",54,1/21/2022
Barr Faughny,Australia,White Choc,"£8,113",370,7/4/2022
Kaine Padly,Canada,Peanut Butter Cubes,"£3,269",176,7/4/2022
Dotty Strutley,USA,Manuka Honey Choco,£273,210,8/10/2022
Dennison Crosswaite,Australia,50% Dark Bites,"£7,287",12,4/1/2022
Gigi Bohling,India,Raspberry Choco,"£2,583",159,2/22/2022
Camilla Castle,UK,White Choc,"£9,982",187,1/3/2022
Karlen McCaffrey,India,Drinking Coco,"£4,795",233,5/31/2022
Dotty Strutley,UK,99% Dark & Pure,"£9,310",282,1/3/2022
Husein Augar,New Zealand,Caramel Stuffed Bars,£497,475,1/27/2022
Barr Faughny,UK,50% Dark Bites,£581,65,1/28/2022
Curtice Advani,Australia,Organic Choco Syrup,"£3,472",311,6/28/2022
Husein Augar,UK,Choco Coated Almonds,"£4,333",43,3/2/2022
Wilone O'Kielt,Australia,After Nines,"£3,325",26,5/27/2022
Dennison Crosswaite,USA,Almond Choco,"£11,718",84,6/30/2022
Barr Faughny,Canada,Peanut Butter Cubes,"£2,100",78,6/7/2022
Kaine Padly,USA,70% Dark Bites,"£4,018",100,5/12/2022
Barr Faughny,New Zealand,Raspberry Choco,"£6,468",66,7/29/2022
Dennison Crosswaite,UK,White Choc,"£7,238",265,8/3/2022
Barr Faughny,India,Baker's Choco Chips,"£6,454",141,8/18/2022
Van Tuxwell,New Zealand,Smooth Sliky Salty,"£3,115",42,6/14/2022
Beverie Moffet,UK,White Choc,"£6,475",76,6/30/2022
Camilla Castle,New Zealand,Mint Chip Choco,"£1,162",190,6/13/2022
Ches Bonnell,UK,Orange Choco,"£14,238",54,4/27/2022
Jan Morforth,Australia,White Choc,"£3,472",32,7/27/2022
Mallorie Waber,Canada,85% Dark Bars,"£1,428",424,4/20/2022
Rafaelita Blaksland,India,Spicy Special Slims,"£8,064",134,1/4/2022
Ches Bonnell,Australia,Mint Chip Choco,"£9,660",92,2/21/2022
Karlen McCaffrey,Australia,White Choc,"£7,357",48,1/5/2022
Beverie Moffet,India,Drinking Coco,"£6,055",46,7/15/2022
Brien Boise,Australia,Choco Coated Almonds,"£5,124",62,5/25/2022
Karlen McCaffrey,Canada,Eclairs,"£3,479",358,4/20/2022
Gigi Bohling,USA,99% Dark & Pure,£784,249,6/2/2022
Marney O'Breen,UK,Smooth Sliky Salty,"£18,991",88,5/13/2022
Beverie Moffet,New Zealand,Baker's Choco Chips,"£1,372",144,8/3/2022
Beverie Moffet,Australia,Milk Bars,£735,390,5/25/2022
Van Tuxwell,UK,Raspberry Choco,"£6,538",79,3/16/2022
Jan Morforth,Australia,Orange Choco,"£3,199",122,7/4/2022
Jehu Rudeforth,India,50% Dark Bites,"£3,472",135,7/5/2022
Madelene Upcott,USA,After Nines,"£4,571",430,3/15/2022
Barr Faughny,UK,Raspberry Choco,"£5,481",69,8/22/2022
Ches Bonnell,Australia,70% Dark Bites,"£3,136",125,1/12/2022
Marney O'Breen,UK,Baker's Choco Chips,£252,154,6/10/2022
Kaine Padly,Australia,Peanut Butter Cubes,"£5,460",286,3/25/2022
Rafaelita Blaksland,India,Almond Choco,"£3,395",99,7/27/2022
Husein Augar,UK,Caramel Stuffed Bars,"£14,938",433,4/15/2022
Roddy Speechley,India,Orange Choco,"£4,053",19,6/27/2022
Jehu Rudeforth,UK,70% Dark Bites,"£5,565",258,4/14/2022
Husein Augar,Australia,Manuka Honey Choco,"£7,161",92,3/15/2022
Madelene Upcott,USA,Eclairs,"£8,883",200,3/18/2022
Brien Boise,India,Eclairs,"£1,351",61,4/29/2022
Mallorie Waber,New Zealand,White Choc,"£3,171",246,2/25/2022
Husein Augar,USA,Milk Bars,£854,56,3/2/2022
Van Tuxwell,Australia,Milk Bars,"£7,910",87,6/20/2022
Beverie Moffet,Canada,White Choc,"£9,275",173,7/15/2022
Dotty Strutley,Australia,50% Dark Bites,"£3,108",252,5/12/2022
Mallorie Waber,New Zealand,Organic Choco Syrup,"£5,075",256,7/1/2022
Husein Augar,USA,85% Dark Bars,£378,54,8/8/2022
Madelene Upcott,Australia,50% Dark Bites,"£7,350",6,7/25/2022
Wilone O'Kielt,UK,Drinking Coco,"£3,388",55,5/18/2022
Camilla Castle,India,Peanut Butter Cubes,"£11,837",277,7/15/2022
Curtice Advani,India,70% Dark Bites,"£2,282",44,7/5/2022
Mallorie Waber,USA,Manuka Honey Choco,"£5,425",96,7/4/2022
Dotty Strutley,UK,70% Dark Bites,"£1,267",216,6/20/2022
Gunar Cockshoot,Australia,Almond Choco,"£3,752",424,1/25/2022
Kaine Padly,New Zealand,Spicy Special Slims,"£7,728",37,7/1/2022
Gigi Bohling,USA,50% Dark Bites,"£2,296",59,4/13/2022
Beverie Moffet,UK,Smooth Sliky Salty,"£4,403",76,5/4/2022
Beverie Moffet,Australia,Baker's Choco Chips,"£3,192",109,8/4/2022
Beverie Moffet,India,70% Dark Bites,£448,146,6/1/2022
Jehu Rudeforth,UK,Choco Coated Almonds,"£4,270",185,4/22/2022
Kaine Padly,USA,50% Dark Bites,£70,27,8/3/2022
Ches Bonnell,USA,Orange Choco,"£1,743",69,6/10/2022
Gunar Cockshoot,UK,Manuka Honey Choco,"£6,762",46,6/27/2022
Marney O'Breen,Australia,Smooth Sliky Salty,"£3,745",170,1/3/2022
Marney O'Breen,India,After Nines,"£2,639",179,7/11/2022
Ches Bonnell,New Zealand,Milk Bars,"£4,389",126,8/17/2022
Rafaelita Blaksland,USA,Fruit & Nut Bars,"£2,604",65,1/18/2022
Ches Bonnell,India,Organic Choco Syrup,"£16,569",99,3/8/2022
Mallorie Waber,Australia,Orange Choco,"£14,658",275,3/7/2022
Husein Augar,India,70% Dark Bites,"£6,454",157,5/9/2022
Barr Faughny,New Zealand,85% Dark Bars,"£2,100",157,5/23/2022
Madelene Upcott,UK,Caramel Stuffed Bars,£161,145,4/15/2022
Gigi Bohling,Australia,Drinking Coco,"£2,807",139,7/27/2022
Marney O'Breen,Canada,Choco Coated Almonds,"£2,639",406,8/22/2022
Ches Bonnell,USA,70% Dark Bites,"£4,571",122,5/11/2022
Madelene Upcott,India,Organic Choco Syrup,"£4,781",38,1/26/2022
Barr Faughny,USA,50% Dark Bites,"£13,034",117,4/14/2022
Dennison Crosswaite,New Zealand,Mint Chip Choco,"£6,454",417,4/5/2022
Marney O'Breen,New Zealand,Smooth Sliky Salty,"£8,484",57,6/14/2022
Brien Boise,Canada,Almond Choco,"£4,781",125,4/13/2022
Beverie Moffet,Australia,White Choc,"£2,240",166,6/27/2022
Dotty Strutley,Australia,Eclairs,"£6,979",3,1/26/2022
Barr Faughny,UK,White Choc,"£1,652",72,7/5/2022
Beverie Moffet,Canada,Baker's Choco Chips,"£13,447",95,1/11/2022
Kelci Walkden,USA,White Choc,"£9,422",22,3/7/2022
Kaine Padly,Canada,50% Dark Bites,"£8,687",100,3/4/2022
Karlen McCaffrey,Canada,Organic Choco Syrup,"£2,415",312,7/15/2022
Kaine Padly,UK,Peanut Butter Cubes,"£6,272",86,5/11/2022
Karlen McCaffrey,USA,Milk Bars,"£4,389",7,1/27/2022
Karlen McCaffrey,India,Orange Choco,"£3,122",149,6/27/2022
Ches Bonnell,India,Smooth Sliky Salty,"£8,043",18,8/3/2022
Wilone O'Kielt,New Zealand,Mint Chip Choco,"£11,662",242,8/19/2022
Wilone O'Kielt,Australia,Fruit & Nut Bars,£392,102,6/15/2022
Dennison Crosswaite,UK,Peanut Butter Cubes,"£8,925",158,2/7/2022
Karlen McCaffrey,Australia,Almond Choco,"£7,294",128,7/8/2022
Dennison Crosswaite,India,Milk Bars,"£1,526",96,4/21/2022
Ches Bonnell,UK,Mint Chip Choco,"£2,688",209,4/8/2022
Husein Augar,Australia,50% Dark Bites,"£14,889",52,8/19/2022
Jan Morforth,India,Fruit & Nut Bars,"£2,912",55,5/4/2022
Mallorie Waber,USA,85% Dark Bars,"£2,632",108,5/11/2022
Mallorie Waber,USA,Eclairs,"£6,328",51,3/22/2022
Dennison Crosswaite,Canada,Spicy Special Slims,"£2,527",216,8/10/2022
Dennison Crosswaite,USA,Fruit & Nut Bars,"£1,414",318,5/4/2022
Kelci Walkden,USA,99% Dark & Pure,"£7,714",238,8/18/2022
Dotty Strutley,Canada,Raspberry Choco,"£4,347",238,8/3/2022
Marney O'Breen,New Zealand,Milk Bars,"£7,490",315,1/14/2022
Madelene Upcott,Australia,Choco Coated Almonds,"£2,058",72,4/8/2022
Kelci Walkden,UK,Orange Choco,"£3,640",3,8/1/2022
Dennison Crosswaite,Canada,Eclairs,£455,45,3/15/2022
Karlen McCaffrey,India,Mint Chip Choco,"£10,990",184,7/15/2022
Barr Faughny,New Zealand,Almond Choco,"£5,558",127,1/13/2022
Mallorie Waber,Australia,85% Dark Bars,"£2,541",53,8/26/2022
Ches Bonnell,Canada,Eclairs,"£1,876",172,1/10/2022
Gigi Bohling,Australia,White Choc,"£5,523",87,5/11/2022
Beverie Moffet,New Zealand,85% Dark Bars,"£11,200",22,8/30/2022
Kaine Padly,USA,Caramel Stuffed Bars,"£5,593",122,7/21/2022
Mallorie Waber,Australia,Almond Choco,"£7,882",125,8/1/2022
Brien Boise,Canada,85% Dark Bars,"£10,241",259,2/17/2022
Brien Boise,Australia,Drinking Coco,"£6,832",156,7/27/2022
Dotty Strutley,USA,Orange Choco,"£1,379",107,2/23/2022
Rafaelita Blaksland,Australia,50% Dark Bites,"£3,010",40,3/22/2022
Dennison Crosswaite,India,99% Dark & Pure,"£6,888",311,6/23/2022
Curtice Advani,UK,White Choc,"£1,540",73,2/1/2022
Kelci Walkden,Australia,After Nines,"£6,916",288,3/2/2022
Gigi Bohling,UK,Fruit & Nut Bars,"£1,232",86,4/6/2022
Gunar Cockshoot,Australia,Raspberry Choco,£602,72,3/17/2022
Curtice Advani,UK,Fruit & Nut Bars,"£10,927",136,6/24/2022
Barr Faughny,Canada,50% Dark Bites,"£10,185",303,7/19/2022
Curtice Advani,USA,Spicy Special Slims,"£1,603",264,7/11/2022
Brien Boise,India,Almond Choco,"£2,170",218,1/13/2022
Oby Sorrel,New Zealand,Smooth Sliky Salty,"£8,673",60,7/7/2022
Jan Morforth,India,85% Dark Bars,"£4,760",418,5/25/2022
Marney O'Breen,India,Fruit & Nut Bars,"£4,753",151,4/13/2022
Andria Kimpton,New Zealand,50% Dark Bites,"£3,374",202,3/2/2022
Gunar Cockshoot,Canada,Raspberry Choco,"£2,058",126,6/23/2022
Kelci Walkden,USA,Drinking Coco,"£6,454",160,7/26/2022
Van Tuxwell,Canada,White Choc,£420,3,3/22/2022
Rafaelita Blaksland,USA,Baker's Choco Chips,"£2,863",58,6/9/2022
Van Tuxwell,Australia,Caramel Stuffed Bars,"£5,936",59,5/17/2022
Ches Bonnell,New Zealand,Peanut Butter Cubes,£889,273,3/4/2022
Kelci Walkden,Canada,Milk Bars,"£16,016",28,7/7/2022
Dennison Crosswaite,Canada,Choco Coated Almonds,"£10,479",118,1/13/2022
Curtice Advani,Australia,Almond Choco,"£2,912",75,7/13/2022
Madelene Upcott,Australia,85% Dark Bars,"£1,575",329,6/16/2022
Gigi Bohling,UK,50% Dark Bites,"£8,197",69,7/18/2022
Ches Bonnell,UK,Manuka Honey Choco,"£4,221",395,5/30/2022
Gigi Bohling,UK,70% Dark Bites,£840,81,6/21/2022
Jehu Rudeforth,Australia,Peanut Butter Cubes,"£5,691",38,6/24/2022
Marney O'Breen,India,Eclairs,"£3,472",96,1/13/2022
Curtice Advani,Canada,Fruit & Nut Bars,"£4,193",195,4/4/2022
Kaine Padly,UK,Smooth Sliky Salty,"£9,016",554,6/8/2022
Karlen McCaffrey,Canada,Spicy Special Slims,"£6,328",47,8/2/2022
Kelci Walkden,USA,Organic Choco Syrup,"£9,870",152,7/21/2022
Curtice Advani,India,Spicy Special Slims,£161,134,6/20/2022
Roddy Speechley,India,After Nines,"£2,576",112,6/22/2022
Camilla Castle,Australia,Caramel Stuffed Bars,"£3,178",16,5/2/2022
Curtice Advani,Australia,99% Dark & Pure,"£4,676",84,1/7/2022
Mallorie Waber,UK,50% Dark Bites,"£5,502",99,2/21/2022
Ches Bonnell,Canada,Baker's Choco Chips,"£7,462",371,3/21/2022
Van Tuxwell,UK,Drinking Coco,"£5,803",136,4/4/2022
Gunar Cockshoot,Canada,Fruit & Nut Bars,"£13,888",203,3/24/2022
Gunar Cockshoot,New Zealand,Spicy Special Slims,"£6,867",183,6/28/2022
Gunar Cockshoot,Australia,Drinking Coco,"£2,317",195,1/14/2022
Karlen McCaffrey,New Zealand,Fruit & Nut Bars,"£1,218",135,2/7/2022
Dennison Crosswaite,New Zealand,Drinking Coco,"£4,109",197,1/11/2022
Jehu Rudeforth,India,99% Dark & Pure,"£1,953",242,2/25/2022
Dotty Strutley,Australia,Mint Chip Choco,"£6,790",25,8/1/2022
Roddy Speechley,Australia,Mint Chip Choco,"£6,797",252,5/5/2022
Madelene Upcott,New Zealand,Raspberry Choco,"£9,226",415,5/18/2022
Dotty Strutley,New Zealand,Choco Coated Almonds,"£5,733",348,1/4/2022
Roddy Speechley,New Zealand,50% Dark Bites,"£4,312",211,5/9/2022
Rafaelita Blaksland,India,Smooth Sliky Salty,"£1,638",81,5/6/2022
Husein Augar,UK,White Choc,"£10,815",145,1/13/2022
Roddy Speechley,Australia,Almond Choco,"£4,466",74,6/24/2022
Van Tuxwell,USA,Caramel Stuffed Bars,£987,21,2/14/2022
Camilla Castle,Australia,99% Dark & Pure,"£4,669",101,1/18/2022
Kaine Padly,India,Milk Bars,"£2,905",91,5/2/2022
Ches Bonnell,Australia,Smooth Sliky Salty,"£7,490",54,5/16/2022
Mallorie Waber,USA,Almond Choco,"£6,986",368,1/28/2022
Kaine Padly,Canada,99% Dark & Pure,"£1,288",409,6/24/2022
Oby Sorrel,UK,After Nines,"£2,345",104,7/18/2022
Gunar Cockshoot,UK,Eclairs,"£3,619",164,4/13/2022
Dotty Strutley,USA,Caramel Stuffed Bars,"£16,982",76,4/15/2022
Jan Morforth,India,Peanut Butter Cubes,"£8,092",178,1/4/2022
Husein Augar,Australia,Eclairs,"£6,993",31,7/4/2022
Beverie Moffet,USA,Smooth Sliky Salty,"£2,317",352,3/24/2022
Camilla Castle,Australia,Manuka Honey Choco,£637,169,3/17/2022
Oby Sorrel,Australia,Almond Choco,"£6,034",223,2/15/2022
Jan Morforth,USA,Orange Choco,£980,146,6/29/2022
Gigi Bohling,USA,Fruit & Nut Bars,"£2,821",112,5/24/2022
Mallorie Waber,UK,Milk Bars,"£3,563",284,1/10/2022
Curtice Advani,USA,Raspberry Choco,"£2,996",139,3/15/2022
Marney O'Breen,Canada,Milk Bars,"£2,436",309,2/8/2022
Brien Boise,India,Caramel Stuffed Bars,"£1,540",100,2/25/2022
Gunar Cockshoot,USA,Eclairs,"£6,916",42,5/3/2022
Roddy Speechley,USA,Fruit & Nut Bars,"£5,509",24,6/14/2022
Gunar Cockshoot,India,50% Dark Bites,"£12,992",83,8/9/2022
Wilone O'Kielt,New Zealand,Manuka Honey Choco,"£3,724",234,7/11/2022
Kaine Padly,UK,Manuka Honey Choco,"£7,133",118,1/14/2022
Van Tuxwell,Canada,Manuka Honey Choco,"£8,617",46,2/24/2022
Wilone O'Kielt,New Zealand,Almond Choco,"£9,198",144,3/15/2022
Oby Sorrel,New Zealand,Baker's Choco Chips,"£11,823",47,4/25/2022
Dennison Crosswaite,Australia,Organic Choco Syrup,"£5,775",41,5/10/2022
Marney O'Breen,Australia,Spicy Special Slims,"£13,125",275,6/23/2022
Beverie Moffet,Canada,Smooth Sliky Salty,"£14,287",370,2/28/2022
Brien Boise,USA,Organic Choco Syrup,"£16,233",138,5/25/2022
Roddy Speechley,New Zealand,Baker's Choco Chips,"£5,313",215,2/22/2022
Van Tuxwell,UK,85% Dark Bars,"£3,577",134,7/11/2022
Marney O'Breen,Canada,Spicy Special Slims,"£3,528",336,1/3/2022
Rafaelita Blaksland,New Zealand,70% Dark Bites,£679,280,8/24/2022
Beverie Moffet,USA,50% Dark Bites,"£2,450",352,7/28/2022
Brien Boise,USA,Mint Chip Choco,"£10,577",150,5/25/2022
Karlen McCaffrey,New Zealand,Eclairs,"£2,597",177,5/6/2022
Barr Faughny,India,Drinking Coco,"£2,219",142,1/28/2022
Marney O'Breen,UK,Orange Choco,"£11,319",12,6/6/2022
Brien Boise,New Zealand,Baker's Choco Chips,"£5,978",24,7/12/2022
Ches Bonnell,Canada,Spicy Special Slims,"£5,327",183,8/5/2022
Brien Boise,USA,Orange Choco,"£6,020",147,1/28/2022
Kaine Padly,India,Spicy Special Slims,"£5,614",137,8/31/2022
Mallorie Waber,USA,50% Dark Bites,"£1,736",13,4/19/2022
Mallorie Waber,UK,Mint Chip Choco,"£6,384",2,6/29/2022
Beverie Moffet,India,Choco Coated Almonds,"£3,577",261,2/24/2022
Madelene Upcott,UK,Smooth Sliky Salty,"£14,539",84,3/4/2022
Gigi Bohling,India,Eclairs,"£3,493",68,6/21/2022
Rafaelita Blaksland,Australia,Organic Choco Syrup,£994,105,1/26/2022
Oby Sorrel,New Zealand,White Choc,"£4,361",40,6/10/2022
Andria Kimpton,UK,Drinking Coco,"£1,554",65,5/23/2022
Kelci Walkden,India,Milk Bars,£966,107,4/15/2022
Karlen McCaffrey,New Zealand,Caramel Stuffed Bars,"£5,334",227,1/31/2022
Andria Kimpton,New Zealand,Organic Choco Syrup,"£4,935",39,3/4/2022
Barr Faughny,New Zealand,After Nines,"£10,024",84,4/19/2022
Beverie Moffet,UK,Almond Choco,"£2,506",100,5/16/2022
Oby Sorrel,Australia,Raspberry Choco,"£1,043",120,2/17/2022
Dennison Crosswaite,USA,Raspberry Choco,"£6,524",257,1/18/2022
Roddy Speechley,Canada,Orange Choco,"£8,148",85,2/9/2022
Mallorie Waber,Canada,Orange Choco,"£3,577",178,3/23/2022
Madelene Upcott,New Zealand,Caramel Stuffed Bars,"£3,374",151,2/1/2022
Mallorie Waber,India,Drinking Coco,"£3,948",142,3/7/2022
Ches Bonnell,UK,White Choc,"£3,269",226,1/3/2022
Ches Bonnell,USA,White Choc,"£5,271",341,2/11/2022
Dennison Crosswaite,New Zealand,Orange Choco,"£4,571",140,3/16/2022
Dotty Strutley,India,White Choc,"£12,327",330,8/15/2022
Gigi Bohling,India,Manuka Honey Choco,"£4,935",73,5/12/2022
Van Tuxwell,India,Spicy Special Slims,"£6,167",4,4/11/2022
Jan Morforth,New Zealand,Mint Chip Choco,"£18,340",285,6/30/2022
Dotty Strutley,New Zealand,White Choc,"£7,014",60,6/15/2022
Rafaelita Blaksland,Canada,Caramel Stuffed Bars,"£7,119",101,8/1/2022
Kaine Padly,USA,Milk Bars,"£15,491",58,6/15/2022
Brien Boise,India,After Nines,"£5,747",45,6/16/2022
Oby Sorrel,New Zealand,Raspberry Choco,"£4,550",281,5/13/2022
Dennison Crosswaite,USA,Drinking Coco,"£2,191",138,5/10/2022
Oby Sorrel,India,Eclairs,"£5,663",322,8/25/2022
Ches Bonnell,New Zealand,Organic Choco Syrup,"£7,623",85,7/15/2022
Gigi Bohling,UK,Baker's Choco Chips,"£9,023",409,5/16/2022
Jan Morforth,Australia,50% Dark Bites,"£3,402",182,6/14/2022
Beverie Moffet,Australia,Smooth Sliky Salty,"£10,507",467,1/25/2022
Ches Bonnell,USA,Organic Choco Syrup,"£7,721",14,7/28/2022
Brien Boise,Canada,Mint Chip Choco,"£5,033",178,1/28/2022
Kaine Padly,UK,Orange Choco,"£1,960",191,6/29/2022
Karlen McCaffrey,Australia,70% Dark Bites,£238,317,6/24/2022
Gunar Cockshoot,Canada,Mint Chip Choco,"£7,756",410,7/1/2022
Roddy Speechley,USA,Peanut Butter Cubes,"£1,736",137,2/25/2022
Curtice Advani,Canada,Smooth Sliky Salty,"£2,660",12,8/1/2022
Oby Sorrel,Australia,Milk Bars,"£7,672",254,6/21/2022
Camilla Castle,New Zealand,Spicy Special Slims,"£11,564",24,1/25/2022
Gigi Bohling,UK,Milk Bars,"£1,365",232,5/17/2022
Andria Kimpton,Australia,85% Dark Bars,"£4,186",233,8/23/2022
Camilla Castle,Australia,Smooth Sliky Salty,"£7,406",118,3/3/2022
Roddy Speechley,India,Caramel Stuffed Bars,"£8,911",543,5/30/2022
Karlen McCaffrey,USA,Drinking Coco,£112,223,6/29/2022
Andria Kimpton,Canada,Organic Choco Syrup,"£8,204",204,1/4/2022
Jehu Rudeforth,Australia,Drinking Coco,"£2,611",65,1/14/2022
Karlen McCaffrey,USA,Mint Chip Choco,"£15,652",53,2/15/2022
Curtice Advani,New Zealand,Spicy Special Slims,"£4,074",469,1/10/2022
Madelene Upcott,USA,White Choc,"£12,250",213,5/4/2022
Andria Kimpton,USA,Spicy Special Slims,"£2,366",5,5/23/2022
Barr Faughny,New Zealand,Fruit & Nut Bars,"£1,687",147,4/26/2022
Oby Sorrel,Canada,Organic Choco Syrup,"£1,232",74,7/5/2022
Madelene Upcott,UK,Organic Choco Syrup,"£6,965",163,7/21/2022
Dotty Strutley,USA,Mint Chip Choco,"£5,292",248,2/21/2022
Kelci Walkden,USA,Orange Choco,"£1,379",138,2/3/2022
Gigi Bohling,Australia,Caramel Stuffed Bars,"£8,001",151,7/8/2022
Mallorie Waber,India,50% Dark Bites,£588,139,5/31/2022
Van Tuxwell,New Zealand,Mint Chip Choco,"£4,046",103,6/27/2022
Van Tuxwell,India,50% Dark Bites,"£5,103",129,5/13/2022
Van Tuxwell,USA,Manuka Honey Choco,"£2,317",102,5/31/2022
Wilone O'Kielt,USA,Orange Choco,"£7,042",37,2/28/2022
Barr Faughny,New Zealand,Eclairs,"£6,713",31,3/28/2022
Gigi Bohling,USA,After Nines,"£1,848",227,1/14/2022
Barr Faughny,New Zealand,Mint Chip Choco,"£6,440",145,2/21/2022
Dennison Crosswaite,Canada,85% Dark Bars,"£10,885",90,8/1/2022
Beverie Moffet,New Zealand,Smooth Sliky Salty,"£2,387",59,5/19/2022
Husein Augar,USA,White Choc,"£2,030",60,7/13/2022
Andria Kimpton,Australia,Peanut Butter Cubes,"£6,678",148,4/20/2022
Dennison Crosswaite,India,85% Dark Bars,"£4,515",22,6/30/2022
Curtice Advani,UK,50% Dark Bites,"£3,374",142,3/8/2022
Gunar Cockshoot,USA,Fruit & Nut Bars,"£5,852",93,3/9/2022
Oby Sorrel,Canada,Raspberry Choco,"£1,750",208,6/16/2022
Gigi Bohling,UK,Drinking Coco,"£5,782",42,6/30/2022
Kelci Walkden,India,Mint Chip Choco,"£2,870",120,7/28/2022
Karlen McCaffrey,Canada,Peanut Butter Cubes,"£3,094",159,8/12/2022
Barr Faughny,UK,Mint Chip Choco,"£3,724",316,7/7/2022
Barr Faughny,USA,85% Dark Bars,"£12,761",47,8/25/2022
Husein Augar,Canada,Eclairs,"£3,696",233,1/17/2022
Jan Morforth,Australia,70% Dark Bites,"£5,222",384,3/4/2022
Marney O'Breen,New Zealand,Fruit & Nut Bars,"£8,939",4,8/25/2022
Ches Bonnell,UK,Peanut Butter Cubes,"£2,156",260,4/15/2022
Kaine Padly,USA,Organic Choco Syrup,"£2,380",22,3/11/2022
Camilla Castle,USA,Raspberry Choco,"£3,339",18,5/20/2022
Brien Boise,New Zealand,Manuka Honey Choco,"£14,980",42,6/14/2022
Jehu Rudeforth,New Zealand,After Nines,"£1,512",73,4/14/2022
Jehu Rudeforth,USA,Smooth Sliky Salty,"£6,657",154,7/7/2022
Madelene Upcott,India,Mint Chip Choco,"£3,836",71,8/24/2022
Jehu Rudeforth,India,Eclairs,"£8,771",127,2/24/2022
Karlen McCaffrey,Canada,Raspberry Choco,£651,224,5/9/2022
Kaine Padly,Australia,70% Dark Bites,"£6,706",223,2/8/2022
Roddy Speechley,UK,70% Dark Bites,"£1,421",284,3/24/2022
Rafaelita Blaksland,USA,Drinking Coco,"£8,526",73,6/20/2022
Mallorie Waber,Canada,Manuka Honey Choco,"£1,435",112,3/7/2022
Kaine Padly,Australia,Fruit & Nut Bars,"£7,434",85,6/20/2022
Oby Sorrel,New Zealand,Organic Choco Syrup,"£15,316",270,2/17/2022
Madelene Upcott,UK,99% Dark & Pure,"£10,479",45,1/26/2022
Madelene Upcott,Australia,Mint Chip Choco,"£2,751",153,5/2/2022
Curtice Advani,Canada,99% Dark & Pure,"£12,586",7,7/7/2022
Rafaelita Blaksland,Australia,Baker's Choco Chips,"£2,786",51,8/22/2022
Karlen McCaffrey,Australia,After Nines,"£2,303",67,8/11/2022
Marney O'Breen,UK,99% Dark & Pure,"£8,113",194,1/13/2022
Gunar Cockshoot,Australia,50% Dark Bites,"£12,271",116,3/2/2022
Marney O'Breen,Australia,Choco Coated Almonds,"£11,298",41,7/27/2022
Kelci Walkden,New Zealand,Drinking Coco,"£15,855",111,3/10/2022
Beverie Moffet,USA,85% Dark Bars,"£12,404",334,8/23/2022
Roddy Speechley,USA,Eclairs,"£3,990",155,4/25/2022
Dennison Crosswaite,UK,Milk Bars,"£10,808",407,3/7/2022
Wilone O'Kielt,UK,Organic Choco Syrup,"£4,858",52,7/12/2022
Madelene Upcott,USA,Orange Choco,"£7,742",138,5/16/2022
Gunar Cockshoot,India,Smooth Sliky Salty,"£3,752",70,3/2/2022
Marney O'Breen,New Zealand,85% Dark Bars,"£1,218",149,5/30/2022
Marney O'Breen,UK,Manuka Honey Choco,"£10,983",179,6/10/2022
Brien Boise,USA,99% Dark & Pure,"£6,769",353,7/25/2022
Beverie Moffet,New Zealand,Mint Chip Choco,"£4,361",97,6/9/2022
Dennison Crosswaite,USA,Milk Bars,£777,60,5/12/2022
Gunar Cockshoot,USA,Drinking Coco,"£3,843",5,5/9/2022
Brien Boise,Canada,Manuka Honey Choco,"£6,930",182,8/9/2022
Van Tuxwell,India,Choco Coated Almonds,"£5,733",114,4/13/2022
Andria Kimpton,USA,Caramel Stuffed Bars,"£8,393",46,5/2/2022
Dotty Strutley,USA,99% Dark & Pure,"£3,822",320,8/9/2022
Camilla Castle,Australia,Raspberry Choco,"£6,342",178,8/23/2022
Gunar Cockshoot,India,Spicy Special Slims,"£6,510",170,5/13/2022
Karlen McCaffrey,USA,Manuka Honey Choco,"£10,171",67,2/1/2022
Camilla Castle,USA,50% Dark Bites,"£5,908",301,6/23/2022
Madelene Upcott,UK,Choco Coated Almonds,"£10,164",134,5/24/2022
Jan Morforth,Canada,Mint Chip Choco,"£1,064",211,4/1/2022
Camilla Castle,Canada,70% Dark Bites,"£9,716",151,7/27/2022
Ches Bonnell,India,Peanut Butter Cubes,"£22,050",208,1/27/2022
Jan Morforth,India,Choco Coated Almonds,"£2,541",134,8/12/2022
Gigi Bohling,Canada,Almond Choco,"£9,989",49,2/1/2022
Rafaelita Blaksland,India,After Nines,"£4,739",204,3/2/2022
Kelci Walkden,Australia,99% Dark & Pure,"£3,185",34,6/30/2022
Dotty Strutley,Australia,Spicy Special Slims,"£8,225",91,1/17/2022
Brien Boise,USA,Milk Bars,"£14,301",130,7/7/2022
Mallorie Waber,New Zealand,Mint Chip Choco,"£1,316",107,1/31/2022
Beverie Moffet,UK,99% Dark & Pure,"£3,486",121,8/10/2022
Beverie Moffet,USA,Peanut Butter Cubes,"£13,930",339,8/18/2022
Brien Boise,New Zealand,White Choc,"£5,509",321,6/15/2022
Marney O'Breen,USA,Baker's Choco Chips,"£8,470",9,1/26/2022
Kelci Walkden,USA,Spicy Special Slims,£77,69,4/29/2022
Mallorie Waber,Canada,White Choc,"£3,381",72,3/3/2022
Kaine Padly,Australia,Almond Choco,"£4,102",392,2/22/2022
Oby Sorrel,USA,Smooth Sliky Salty,"£3,577",158,3/4/2022
Dennison Crosswaite,India,Smooth Sliky Salty,"£2,975",9,7/7/2022
Camilla Castle,New Zealand,Caramel Stuffed Bars,"£4,137",347,6/17/2022
Jan Morforth,Canada,Caramel Stuffed Bars,"£9,541",114,8/2/2022
Oby Sorrel,USA,Baker's Choco Chips,"£8,001",120,8/12/2022
Madelene Upcott,New Zealand,Peanut Butter Cubes,"£5,152",333,1/28/2022
Kelci Walkden,Australia,Orange Choco,"£11,116",432,4/29/2022
Marney O'Breen,Australia,Manuka Honey Choco,"£13,076",236,4/5/2022
Kaine Padly,Canada,Manuka Honey Choco,"£10,213",135,1/18/2022
Jehu Rudeforth,UK,Baker's Choco Chips,"£2,485",97,5/16/2022
Kelci Walkden,Australia,White Choc,"£8,715",168,8/24/2022
Curtice Advani,India,85% Dark Bars,£273,402,1/18/2022
Kaine Padly,USA,Eclairs,"£7,623",10,8/22/2022
Gunar Cockshoot,UK,99% Dark & Pure,£7,84,3/7/2022
Beverie Moffet,UK,Choco Coated Almonds,"£3,010",69,3/4/2022
Dotty Strutley,Canada,Manuka Honey Choco,"£11,550",111,4/22/2022
Kaine Padly,Australia,Milk Bars,"£4,046",89,6/9/2022
Jan Morforth,Canada,Fruit & Nut Bars,"£8,904",199,7/25/2022
Jan Morforth,India,Smooth Sliky Salty,"£11,298",89,8/3/2022
Rafaelita Blaksland,Australia,Manuka Honey Choco,"£4,396",131,8/3/2022
Jehu Rudeforth,UK,Milk Bars,"£12,068",227,5/3/2022
Husein Augar,Canada,After Nines,"£9,772",301,1/19/2022
Roddy Speechley,USA,50% Dark Bites,"£10,458",316,2/11/2022
Van Tuxwell,India,Almond Choco,"£6,426",390,6/14/2022
Kelci Walkden,USA,50% Dark Bites,"£6,188",223,3/23/2022
Madelene Upcott,Canada,85% Dark Bars,"£7,504",101,2/17/2022
Dennison Crosswaite,Canada,Smooth Sliky Salty,"£1,750",479,3/17/2022
Mallorie Waber,Australia,Spicy Special Slims,"£5,439",287,6/29/2022
Ches Bonnell,Canada,Choco Coated Almonds,"£15,547",269,8/24/2022
Gigi Bohling,Canada,Spicy Special Slims,"£11,956",277,7/4/2022
Roddy Speechley,New Zealand,Almond Choco,"£2,723",67,3/28/2022
Curtice Advani,India,Smooth Sliky Salty,"£19,327",135,4/19/2022
Ches Bonnell,New Zealand,Mint Chip Choco,"£9,058",229,1/18/2022
Van Tuxwell,New Zealand,Fruit & Nut Bars,"£2,996",88,1/17/2022
Andria Kimpton,New Zealand,Mint Chip Choco,"£8,848",211,2/15/2022
Andria Kimpton,UK,Milk Bars,"£14,336",293,2/11/2022
Camilla Castle,USA,Manuka Honey Choco,"£16,401",179,3/21/2022
Gunar Cockshoot,New Zealand,Almond Choco,"£5,173",129,1/5/2022
Brien Boise,India,Raspberry Choco,"£6,328",164,5/30/2022
Jehu Rudeforth,USA,99% Dark & Pure,"£2,534",219,1/4/2022
Beverie Moffet,Australia,Fruit & Nut Bars,"£1,435",258,4/22/2022
Gigi Bohling,Canada,Milk Bars,"£3,052",116,2/10/2022
Dotty Strutley,India,Spicy Special Slims,£910,204,8/12/2022
Gunar Cockshoot,USA,Organic Choco Syrup,"£2,331",321,8/10/2022
Kelci Walkden,Australia,Raspberry Choco,£679,56,6/7/2022
Jehu Rudeforth,India,Baker's Choco Chips,"£2,086",74,6/6/2022
Karlen McCaffrey,New Zealand,Baker's Choco Chips,"£5,012",189,4/5/2022
Wilone O'Kielt,USA,50% Dark Bites,"£4,501",131,4/18/2022
Andria Kimpton,India,50% Dark Bites,"£13,482",15,1/31/2022
Madelene Upcott,USA,Baker's Choco Chips,"£5,621",140,8/22/2022
Jehu Rudeforth,Australia,99% Dark & Pure,"£10,486",198,2/25/2022
Jan Morforth,Australia,Mint Chip Choco,"£17,626",103,2/22/2022
Oby Sorrel,New Zealand,Milk Bars,"£4,494",187,1/12/2022
Brien Boise,UK,Almond Choco,£105,125,5/25/2022
Kelci Walkden,India,Smooth Sliky Salty,"£2,464",8,2/1/2022
Rafaelita Blaksland,UK,Eclairs,"£1,379",70,4/27/2022
Gigi Bohling,USA,Smooth Sliky Salty,"£2,583",126,7/22/2022
Curtice Advani,New Zealand,Mint Chip Choco,"£3,220",265,1/26/2022
Curtice Advani,USA,Mint Chip Choco,"£4,802",296,8/24/2022
Madelene Upcott,New Zealand,Fruit & Nut Bars,"£5,677",21,1/18/2022
Karlen McCaffrey,India,85% Dark Bars,£945,83,3/30/2022
Ches Bonnell,Australia,Caramel Stuffed Bars,"£8,757",162,1/17/2022
Kelci Walkden,USA,Fruit & Nut Bars,"£4,816",145,2/17/2022
Kelci Walkden,Canada,Peanut Butter Cubes,"£7,532",44,4/8/2022
Gigi Bohling,Canada,Drinking Coco,"£3,549",82,7/6/2022
Husein Augar,India,Fruit & Nut Bars,"£4,340",226,4/4/2022
Jan Morforth,New Zealand,Organic Choco Syrup,"£1,799",207,3/2/2022
Gigi Bohling,New Zealand,Raspberry Choco,"£1,127",176,8/9/2022
Dennison Crosswaite,Australia,Milk Bars,"£10,038",286,6/9/2022
Ches Bonnell,UK,Caramel Stuffed Bars,"£2,926",300,6/2/2022
Van Tuxwell,USA,Fruit & Nut Bars,"£6,279",235,7/5/2022
Andria Kimpton,Canada,Eclairs,£308,125,8/11/2022
Madelene Upcott,India,Choco Coated Almonds,"£3,500",145,2/11/2022
Kelci Walkden,New Zealand,Spicy Special Slims,£658,65,8/11/2022
Roddy Speechley,Australia,Drinking Coco,"£12,565",102,5/12/2022
Wilone O'Kielt,USA,Milk Bars,"£5,012",93,7/15/2022
Andria Kimpton,India,Organic Choco Syrup,"£3,955",134,1/18/2022
Madelene Upcott,UK,Fruit & Nut Bars,"£8,512",189,1/5/2022
Curtice Advani,Australia,50% Dark Bites,£504,232,6/29/2022
Brien Boise,Canada,Raspberry Choco,"£2,800",45,6/14/2022
Gunar Cockshoot,India,Mint Chip Choco,"£4,256",67,8/8/2022
Dennison Crosswaite,India,Mint Chip Choco,"£13,573",138,3/23/2022
Barr Faughny,India,Caramel Stuffed Bars,"£6,566",99,1/4/2022
Brien Boise,India,Milk Bars,"£13,503",251,2/22/2022
Beverie Moffet,UK,Spicy Special Slims,"£8,680",252,2/17/2022
Barr Faughny,USA,Almond Choco,£385,78,2/3/2022
Van Tuxwell,Canada,Raspberry Choco,"£1,267",130,3/17/2022
Wilone O'Kielt,Australia,Baker's Choco Chips,"£2,961",154,1/25/2022
Brien Boise,Australia,Milk Bars,"£1,981",52,7/27/2022
Husein Augar,Australia,Fruit & Nut Bars,"£7,959",53,1/28/2022
Madelene Upcott,Australia,Organic Choco Syrup,"£10,794",50,7/5/2022
Van Tuxwell,India,White Choc,"£1,897",44,3/15/2022
Gunar Cockshoot,Canada,After Nines,"£2,744",200,8/4/2022
Jan Morforth,USA,Fruit & Nut Bars,"£4,382",361,6/27/2022
Jan Morforth,Canada,After Nines,"£4,515",172,7/13/2022
Barr Faughny,New Zealand,Manuka Honey Choco,"£5,474",239,2/24/2022
Karlen McCaffrey,New Zealand,85% Dark Bars,"£6,069",55,6/28/2022
Oby Sorrel,Australia,85% Dark Bars,"£6,944",27,6/30/2022
Curtice Advani,Canada,Choco Coated Almonds,"£5,859",7,8/18/2022
Kaine Padly,India,70% Dark Bites,"£12,173",301,1/24/2022
Beverie Moffet,USA,White Choc,"£5,292",134,3/11/2022
Ches Bonnell,New Zealand,After Nines,"£5,705",350,6/23/2022
Husein Augar,India,Spicy Special Slims,"£2,492",33,8/22/2022
Gunar Cockshoot,Canada,50% Dark Bites,"£3,024",23,1/4/2022
Curtice Advani,India,Milk Bars,"£3,437",201,4/5/2022
Beverie Moffet,India,Milk Bars,"£1,869",323,4/15/2022
Husein Augar,Australia,White Choc,"£3,171",220,5/11/2022
Andria Kimpton,Canada,Manuka Honey Choco,"£4,858",488,7/21/2022
Jan Morforth,New Zealand,Orange Choco,"£1,225",84,2/11/2022
Andria Kimpton,Canada,Smooth Sliky Salty,"£1,155",79,7/8/2022
Gunar Cockshoot,UK,Raspberry Choco,"£6,811",344,8/11/2022
Husein Augar,New Zealand,After Nines,"£6,433",7,8/4/2022
Andria Kimpton,New Zealand,Orange Choco,"£8,169",88,6/14/2022
Dennison Crosswaite,UK,Baker's Choco Chips,"£2,275",275,1/17/2022
Jehu Rudeforth,Canada,Orange Choco,"£3,857",512,6/23/2022
Jehu Rudeforth,UK,Smooth Sliky Salty,"£1,463",113,8/24/2022
Andria Kimpton,UK,Caramel Stuffed Bars,"£7,924",275,6/7/2022
Jan Morforth,UK,White Choc,"£8,799",47,6/22/2022
Dotty Strutley,USA,Fruit & Nut Bars,"£2,898",276,7/13/2022
Kelci Walkden,UK,Choco Coated Almonds,"£9,506",212,5/24/2022
Gunar Cockshoot,New Zealand,After Nines,"£7,175",145,8/9/2022
Kaine Padly,Canada,85% Dark Bars,"£1,729",31,4/6/2022
Jan Morforth,New Zealand,Manuka Honey Choco,"£1,589",271,7/28/2022
Gunar Cockshoot,New Zealand,Raspberry Choco,£630,52,8/24/2022
Van Tuxwell,Australia,99% Dark & Pure,£112,128,1/17/2022
Curtice Advani,USA,Drinking Coco,"£5,187",142,2/7/2022
Brien Boise,Australia,Spicy Special Slims,"£6,223",256,5/9/2022
Mallorie Waber,New Zealand,85% Dark Bars,"£7,714",106,6/6/2022
Wilone O'Kielt,USA,Choco Coated Almonds,"£9,457",6,6/6/2022
Beverie Moffet,New Zealand,Organic Choco Syrup,"£6,678",226,5/24/2022
Gunar Cockshoot,UK,50% Dark Bites,"£2,107",121,1/13/2022
Marney O'Breen,USA,Raspberry Choco,"£6,069",151,5/23/2022
Jehu Rudeforth,UK,White Choc,"£1,862",284,6/29/2022
Jehu Rudeforth,New Zealand,85% Dark Bars,"£6,972",89,3/11/2022
Dotty Strutley,USA,85% Dark Bars,"£10,220",508,4/25/2022
Rafaelita Blaksland,Australia,Smooth Sliky Salty,"£3,969",243,5/30/2022
Curtice Advani,India,Manuka Honey Choco,"£1,547",170,5/23/2022
Mallorie Waber,USA,Peanut Butter Cubes,"£1,162",18,5/23/2022
Van Tuxwell,Canada,Peanut Butter Cubes,"£6,342",282,6/24/2022
Kelci Walkden,New Zealand,Smooth Sliky Salty,"£10,633",277,3/11/2022
Rafaelita Blaksland,USA,Smooth Sliky Salty,"£15,057",212,7/27/2022
Rafaelita Blaksland,USA,White Choc,"£4,704",126,8/16/2022
Roddy Speechley,Canada,Smooth Sliky Salty,"£9,338",11,3/7/2022
Curtice Advani,New Zealand,After Nines,"£7,959",30,4/5/2022
Camilla Castle,India,85% Dark Bars,"£9,023",51,5/4/2022
Ches Bonnell,USA,Choco Coated Almonds,"£14,525",92,1/4/2022
Marney O'Breen,Australia,Baker's Choco Chips,"£5,810",101,1/13/2022
Wilone O'Kielt,New Zealand,Fruit & Nut Bars,"£6,426",98,7/11/2022
Kaine Padly,Australia,Mint Chip Choco,"£4,403",159,5/17/2022
Camilla Castle,New Zealand,Peanut Butter Cubes,"£1,582",62,7/21/2022
Curtice Advani,Canada,Organic Choco Syrup,£791,22,2/22/2022
Jan Morforth,India,99% Dark & Pure,"£9,100",187,5/23/2022
Rafaelita Blaksland,Canada,Drinking Coco,"£9,884",200,7/12/2022
Jan Morforth,UK,Orange Choco,"£3,780",201,6/15/2022
Barr Faughny,New Zealand,50% Dark Bites,"£4,557",308,6/23/2022
Curtice Advani,Australia,Eclairs,"£5,796",55,3/25/2022
Jan Morforth,India,Caramel Stuffed Bars,£84,153,7/4/2022
Andria Kimpton,UK,White Choc,"£9,037",101,5/12/2022
Camilla Castle,New Zealand,Raspberry Choco,"£4,746",137,4/4/2022
Madelene Upcott,Australia,Orange Choco,"£6,713",398,4/15/2022
Roddy Speechley,Canada,Eclairs,"£6,237",88,3/8/2022
Karlen McCaffrey,India,White Choc,"£7,483",232,1/17/2022
Wilone O'Kielt,India,Mint Chip Choco,"£1,309",51,8/22/2022
Andria Kimpton,UK,99% Dark & Pure,"£1,155",66,7/25/2022
Marney O'Breen,UK,50% Dark Bites,"£2,989",124,6/14/2022
Ches Bonnell,India,Choco Coated Almonds,"£9,625",78,4/5/2022
Madelene Upcott,UK,Raspberry Choco,"£7,357",341,8/26/2022
Wilone O'Kielt,Australia,50% Dark Bites,"£10,031",114,8/3/2022
Gigi Bohling,Canada,White Choc,"£6,587",4,7/11/2022
Wilone O'Kielt,New Zealand,Eclairs,"£3,311",22,3/11/2022
Brien Boise,UK,Peanut Butter Cubes,"£15,330",30,1/10/2022
Roddy Speechley,UK,Baker's Choco Chips,"£14,028",351,4/4/2022
Karlen McCaffrey,Australia,50% Dark Bites,"£6,678",708,1/17/2022
Marney O'Breen,New Zealand,Organic Choco Syrup,"£8,624",50,7/8/2022
Jan Morforth,UK,Organic Choco Syrup,"£1,197",356,4/12/2022
Rafaelita Blaksland,Canada,Fruit & Nut Bars,£483,185,8/24/2022
Ches Bonnell,UK,Choco Coated Almonds,"£1,687",236,6/7/2022
Gunar Cockshoot,Canada,Almond Choco,"£1,309",30,7/28/2022
Husein Augar,USA,99% Dark & Pure,"£9,534",111,2/21/2022
Dennison Crosswaite,Canada,Mint Chip Choco,"£1,694",289,4/8/2022
Brien Boise,UK,Manuka Honey Choco,£70,103,6/28/2022
Van Tuxwell,UK,Baker's Choco Chips,"£2,443",20,3/24/2022
Barr Faughny,Australia,Caramel Stuffed Bars,"£2,933",55,7/29/2022
Dennison Crosswaite,USA,Eclairs,"£2,044",90,5/25/2022
Gigi Bohling,Australia,Raspberry Choco,"£6,524",303,3/30/2022
Dennison Crosswaite,USA,Organic Choco Syrup,"£12,656",126,7/18/2022
Beverie Moffet,Canada,Orange Choco,"£8,722",109,5/10/2022
Mallorie Waber,Australia,Choco Coated Almonds,"£15,750",92,3/18/2022
Ches Bonnell,India,Caramel Stuffed Bars,"£6,839",56,6/15/2022
Van Tuxwell,Canada,50% Dark Bites,"£13,685",58,5/12/2022
Kelci Walkden,New Zealand,Baker's Choco Chips,"£2,912",110,6/23/2022
Beverie Moffet,India,Spicy Special Slims,"£3,339",171,4/21/2022
Gigi Bohling,Australia,Almond Choco,£910,117,8/17/2022
Rafaelita Blaksland,New Zealand,Eclairs,"£19,481",51,2/7/2022
Kelci Walkden,Canada,Smooth Sliky Salty,"£8,099",118,3/17/2022
Jan Morforth,India,Baker's Choco Chips,"£13,727",79,8/1/2022
Jehu Rudeforth,Australia,Milk Bars,"£8,659",29,3/18/2022
Gigi Bohling,Canada,Fruit & Nut Bars,"£5,782",103,6/14/2022
Beverie Moffet,UK,Eclairs,"£8,463",155,4/22/2022
Marney O'Breen,New Zealand,Eclairs,"£4,914",31,1/18/2022
Husein Augar,Australia,99% Dark & Pure,"£3,087",128,8/26/2022
Gunar Cockshoot,New Zealand,Fruit & Nut Bars,"£9,205",419,6/10/2022
Curtice Advani,Canada,70% Dark Bites,"£2,303",7,1/31/2022
Kelci Walkden,New Zealand,Manuka Honey Choco,"£1,358",106,4/8/2022
Dotty Strutley,Australia,Baker's Choco Chips,"£3,605",68,6/7/2022
Barr Faughny,Australia,85% Dark Bars,"£8,498",44,2/10/2022
Beverie Moffet,Australia,50% Dark Bites,£700,457,5/16/2022
Gunar Cockshoot,India,Baker's Choco Chips,"£2,191",524,3/18/2022
Van Tuxwell,Australia,50% Dark Bites,£644,137,7/13/2022
Oby Sorrel,USA,Manuka Honey Choco,"£4,340",86,7/25/2022
Van Tuxwell,Canada,Choco Coated Almonds,"£2,282",296,8/19/2022
Karlen McCaffrey,Canada,70% Dark Bites,"£7,714",597,6/24/2022
Kelci Walkden,Canada,Fruit & Nut Bars,£826,149,6/20/2022
Camilla Castle,India,99% Dark & Pure,£203,207,8/2/2022
Madelene Upcott,New Zealand,70% Dark Bites,"£13,356",93,2/22/2022
Mallorie Waber,New Zealand,Orange Choco,"£6,510",23,2/1/2022
Jan Morforth,Canada,70% Dark Bites,"£5,894",305,2/14/2022
Kelci Walkden,Australia,Milk Bars,"£7,910",125,2/24/2022
Dennison Crosswaite,India,Orange Choco,£784,129,3/18/2022
Husein Augar,UK,Eclairs,"£1,750",252,8/30/2022
Gigi Bohling,USA,Peanut Butter Cubes,£280,75,5/9/2022
Wilone O'Kielt,USA,Smooth Sliky Salty,£504,87,1/18/2022
Curtice Advani,India,White Choc,"£7,154",342,7/4/2022
Oby Sorrel,New Zealand,Spicy Special Slims,"£1,617",13,6/3/2022
Beverie Moffet,New Zealand,Peanut Butter Cubes,"£10,822",30,2/23/2022
Dotty Strutley,New Zealand,99% Dark & Pure,"£10,724",203,5/9/2022
Kelci Walkden,India,70% Dark Bites,"£3,640",106,6/6/2022
Kelci Walkden,India,Drinking Coco,"£7,532",234,7/4/2022
Brien Boise,New Zealand,Drinking Coco,"£1,582",100,6/6/2022
Dotty Strutley,Australia,Almond Choco,"£1,456",91,5/13/2022
Wilone O'Kielt,New Zealand,Organic Choco Syrup,"£2,016",277,1/31/2022
Ches Bonnell,New Zealand,Caramel Stuffed Bars,"£7,588",42,6/30/2022
Barr Faughny,Canada,Manuka Honey Choco,"£3,402",249,8/25/2022
Gigi Bohling,New Zealand,Smooth Sliky Salty,£700,97,1/10/2022
Brien Boise,USA,Manuka Honey Choco,"£1,904",8,8/22/2022
Roddy Speechley,New Zealand,85% Dark Bars,"£4,844",275,4/14/2022
Oby Sorrel,UK,Smooth Sliky Salty,"£9,625",313,5/31/2022
Oby Sorrel,UK,Raspberry Choco,"£4,599",323,4/8/2022
Roddy Speechley,USA,Drinking Coco,"£3,003",155,2/21/2022
Andria Kimpton,Australia,Manuka Honey Choco,"£9,744",377,3/30/2022
Mallorie Waber,India,Raspberry Choco,"£1,400",2,3/2/2022
Jehu Rudeforth,USA,Orange Choco,£364,170,7/28/2022
Kaine Padly,New Zealand,70% Dark Bites,"£7,231",38,3/24/2022
Curtice Advani,Australia,After Nines,£63,105,8/11/2022
Husein Augar,UK,Almond Choco,"£8,309",166,5/17/2022
Kaine Padly,Canada,Choco Coated Almonds,"£3,164",164,5/18/2022
Roddy Speechley,UK,Peanut Butter Cubes,"£5,691",171,8/17/2022
Ches Bonnell,New Zealand,Eclairs,£490,49,4/4/2022
Brien Boise,India,85% Dark Bars,"£18,032",205,8/9/2022
Brien Boise,New Zealand,Organic Choco Syrup,£637,313,1/17/2022
Andria Kimpton,Canada,White Choc,"£4,067",29,2/14/2022
Gigi Bohling,New Zealand,Orange Choco,"£8,204",307,5/16/2022
Ches Bonnell,Canada,Smooth Sliky Salty,"£9,870",121,3/16/2022
Husein Augar,Canada,70% Dark Bites,"£5,131",285,1/31/2022
Barr Faughny,Canada,Organic Choco Syrup,"£1,141",205,3/10/2022
Oby Sorrel,UK,Organic Choco Syrup,"£7,980",157,6/30/2022
Van Tuxwell,New Zealand,Eclairs,"£5,229",182,3/1/2022
Mallorie Waber,UK,Drinking Coco,"£3,423",100,5/27/2022
Oby Sorrel,UK,Milk Bars,"£6,468",223,7/11/2022
Karlen McCaffrey,New Zealand,Mint Chip Choco,"£4,326",61,3/2/2022
Jehu Rudeforth,USA,Raspberry Choco,"£7,154",133,3/4/2022
Kelci Walkden,UK,85% Dark Bars,"£3,997",228,6/23/2022
Kelci Walkden,USA,Almond Choco,"£5,180",233,1/27/2022
Marney O'Breen,Canada,Orange Choco,"£2,723",425,1/14/2022
Dennison Crosswaite,India,Fruit & Nut Bars,£952,24,7/29/2022
Brien Boise,Canada,Smooth Sliky Salty,"£5,691",495,5/13/2022
Barr Faughny,Canada,Baker's Choco Chips,"£10,969",170,2/3/2022
Brien Boise,India,Smooth Sliky Salty,"£5,964",26,5/27/2022
Jan Morforth,Australia,Drinking Coco,"£2,821",24,2/18/2022
Brien Boise,India,Spicy Special Slims,"£1,302",33,1/28/2022
Van Tuxwell,UK,Eclairs,"£5,474",109,6/29/2022
Wilone O'Kielt,India,Caramel Stuffed Bars,"£4,179",276,1/13/2022
Jehu Rudeforth,UK,After Nines,"£1,946",164,6/27/2022
Barr Faughny,Canada,White Choc,"£4,291",1,3/29/2022
Gunar Cockshoot,India,Organic Choco Syrup,"£7,196",160,6/3/2022
Mallorie Waber,Canada,Smooth Sliky Salty,"£1,939",98,3/21/2022
Mallorie Waber,India,Eclairs,"£10,437",46,4/12/2022
Rafaelita Blaksland,Australia,Raspberry Choco,"£6,916",259,1/19/2022
Karlen McCaffrey,UK,50% Dark Bites,"£3,647",310,4/6/2022
Kaine Padly,Australia,50% Dark Bites,"£8,995",78,8/2/2022
Gigi Bohling,Australia,Eclairs,"£7,252",136,4/12/2022
Oby Sorrel,India,Drinking Coco,"£16,380",130,7/21/2022
Van Tuxwell,New Zealand,Baker's Choco Chips,"£9,660",24,3/22/2022
Husein Augar,India,Peanut Butter Cubes,"£4,522",5,5/9/2022
Andria Kimpton,Australia,Baker's Choco Chips,£329,109,8/9/2022
Madelene Upcott,Canada,Choco Coated Almonds,"£3,458",294,7/20/2022
Brien Boise,India,70% Dark Bites,"£4,641",413,4/14/2022
Jehu Rudeforth,Canada,White Choc,"£4,627",136,1/25/2022
Andria Kimpton,Australia,Almond Choco,"£3,192",175,4/25/2022
Dotty Strutley,Canada,After Nines,£252,237,1/17/2022
Karlen McCaffrey,USA,Eclairs,£868,125,8/15/2022
Karlen McCaffrey,Canada,Fruit & Nut Bars,£210,16,6/2/2022
Gunar Cockshoot,USA,85% Dark Bars,"£7,007",135,6/30/2022
Dotty Strutley,New Zealand,Raspberry Choco,"£5,845",91,2/10/2022
Marney O'Breen,Canada,Caramel Stuffed Bars,"£1,372",614,2/23/2022
Dennison Crosswaite,India,Organic Choco Syrup,"£8,428",216,1/27/2022
Camilla Castle,UK,Mint Chip Choco,"£4,977",317,5/26/2022
Brien Boise,USA,70% Dark Bites,"£1,694",21,4/14/2022
Madelene Upcott,Australia,99% Dark & Pure,"£4,326",154,8/1/2022
Mallorie Waber,Australia,Eclairs,"£9,527",222,8/22/2022
Marney O'Breen,India,99% Dark & Pure,"£10,766",157,7/22/2022
Husein Augar,USA,Fruit & Nut Bars,"£1,288",27,4/28/2022
Kelci Walkden,Australia,Almond Choco,"£4,879",350,5/30/2022
Ches Bonnell,USA,Milk Bars,"£2,408",157,7/21/2022
Jan Morforth,UK,Caramel Stuffed Bars,"£3,094",468,8/2/2022
Brien Boise,New Zealand,70% Dark Bites,"£7,231",130,6/15/2022
Oby Sorrel,India,85% Dark Bars,"£8,981",130,7/5/2022
Kaine Padly,New Zealand,Smooth Sliky Salty,£7,518,4/12/2022
Gigi Bohling,Australia,70% Dark Bites,"£1,372",105,8/18/2022
Jan Morforth,UK,50% Dark Bites,"£5,250",293,1/12/2022
Gunar Cockshoot,Canada,White Choc,"£7,560",15,8/11/2022
Jehu Rudeforth,Australia,Spicy Special Slims,"£5,012",384,1/13/2022
Husein Augar,UK,Baker's Choco Chips,"£3,038",135,4/29/2022
Rafaelita Blaksland,New Zealand,After Nines,"£1,099",92,7/7/2022
Madelene Upcott,New Zealand,Mint Chip Choco,"£7,413",4,3/11/2022
Madelene Upcott,UK,70% Dark Bites,"£5,397",239,2/16/2022
Barr Faughny,Australia,Organic Choco Syrup,"£2,303",33,1/7/2022
Beverie Moffet,New Zealand,Drinking Coco,"£1,141",518,1/12/2022
Beverie Moffet,India,Eclairs,"£10,325",147,6/9/2022
Andria Kimpton,India,Eclairs,"£2,149",84,5/16/2022
Gigi Bohling,UK,85% Dark Bars,"£12,362",94,6/23/2022
Roddy Speechley,UK,Raspberry Choco,"£12,635",194,1/28/2022
Dotty Strutley,UK,Mint Chip Choco,"£2,443",216,7/14/2022
Barr Faughny,Canada,Drinking Coco,"£6,237",247,4/18/2022
Oby Sorrel,USA,Milk Bars,"£1,736",79,6/14/2022
Oby Sorrel,UK,Orange Choco,"£7,315",237,4/15/2022
Curtice Advani,Canada,Peanut Butter Cubes,"£4,935",63,5/19/2022
Gigi Bohling,India,White Choc,"£1,393",172,4/13/2022
Husein Augar,Canada,Choco Coated Almonds,"£3,381",408,8/15/2022
Wilone O'Kielt,India,Choco Coated Almonds,"£2,933",233,8/22/2022
Wilone O'Kielt,New Zealand,Baker's Choco Chips,"£3,836",59,4/22/2022
Kaine Padly,UK,Choco Coated Almonds,"£8,022",123,8/3/2022
Dennison Crosswaite,New Zealand,Organic Choco Syrup,£371,229,1/4/2022
Kelci Walkden,Canada,After Nines,"£16,702",198,1/13/2022
Van Tuxwell,Australia,Baker's Choco Chips,"£13,258",32,5/11/2022
Husein Augar,New Zealand,Peanut Butter Cubes,"£2,058",236,2/16/2022
Kaine Padly,UK,Caramel Stuffed Bars,"£10,192",67,5/20/2022
Jehu Rudeforth,UK,Drinking Coco,"£7,140",438,2/3/2022
Beverie Moffet,India,Manuka Honey Choco,"£9,835",167,5/6/2022
Gunar Cockshoot,UK,Choco Coated Almonds,"£5,775",135,6/30/2022
Gunar Cockshoot,UK,Smooth Sliky Salty,£749,148,3/22/2022
Camilla Castle,Canada,Orange Choco,"£7,770",54,2/17/2022
Jehu Rudeforth,UK,85% Dark Bars,"£5,502",64,7/7/2022
Oby Sorrel,UK,70% Dark Bites,"£6,223",181,3/16/2022
Kelci Walkden,UK,99% Dark & Pure,"£3,507",114,8/12/2022
Gigi Bohling,New Zealand,After Nines,"£5,600",181,1/21/2022
Oby Sorrel,Australia,50% Dark Bites,£721,151,5/6/2022
Oby Sorrel,Canada,50% Dark Bites,"£6,615",137,6/24/2022
Barr Faughny,USA,White Choc,"£7,420",163,5/5/2022
Rafaelita Blaksland,New Zealand,99% Dark & Pure,"£3,164",84,3/25/2022
Curtice Advani,Australia,Caramel Stuffed Bars,"£9,114",140,2/14/2022
Curtice Advani,New Zealand,85% Dark Bars,"£5,404",187,5/12/2022
Barr Faughny,New Zealand,Smooth Sliky Salty,"£3,990",169,1/25/2022
Ches Bonnell,UK,85% Dark Bars,"£14,924",12,6/28/2022
Dennison Crosswaite,Australia,Drinking Coco,"£7,091",194,7/13/2022
Roddy Speechley,USA,Milk Bars,"£2,807",252,5/16/2022
Jan Morforth,India,After Nines,"£6,496",168,3/14/2022
Gunar Cockshoot,USA,After Nines,"£3,738",261,8/15/2022
Ches Bonnell,India,Orange Choco,"£1,190",256,2/16/2022
Mallorie Waber,UK,Manuka Honey Choco,"£8,379",43,6/15/2022
Barr Faughny,Australia,Raspberry Choco,"£9,268",100,5/27/2022
Wilone O'Kielt,USA,Drinking Coco,"£1,029",98,6/14/2022
Wilone O'Kielt,India,Eclairs,"£3,549",76,2/25/2022
Wilone O'Kielt,India,After Nines,"£12,026",262,8/4/2022
Kelci Walkden,India,99% Dark & Pure,"£2,303",244,6/28/2022
Gunar Cockshoot,Canada,Spicy Special Slims,"£13,405",12,4/5/2022
Madelene Upcott,Canada,Peanut Butter Cubes,"£14,763",113,7/5/2022
Kaine Padly,New Zealand,Eclairs,"£12,894",48,1/20/2022
Ches Bonnell,New Zealand,Drinking Coco,"£8,302",131,2/16/2022
Curtice Advani,UK,Drinking Coco,£455,174,7/12/2022
Kelci Walkden,India,Raspberry Choco,"£8,183",254,6/16/2022
Dotty Strutley,Australia,Choco Coated Almonds,"£1,645",284,4/13/2022
Kaine Padly,UK,50% Dark Bites,"£3,143",67,2/21/2022
Roddy Speechley,Canada,Choco Coated Almonds,"£5,873",249,5/11/2022
Ches Bonnell,India,50% Dark Bites,"£11,298",313,4/15/2022
Oby Sorrel,Canada,Peanut Butter Cubes,"£12,425",167,6/7/2022
Oby Sorrel,UK,White Choc,"£1,715",286,6/27/2022
Barr Faughny,India,After Nines,"£8,190",109,7/29/2022
Wilone O'Kielt,Canada,Smooth Sliky Salty,"£4,991",166,6/2/2022
Rafaelita Blaksland,India,Mint Chip Choco,"£15,491",85,1/26/2022
Rafaelita Blaksland,Canada,99% Dark & Pure,"£5,096",142,3/2/2022
Van Tuxwell,Australia,70% Dark Bites,"£7,063",104,1/10/2022
Beverie Moffet,USA,70% Dark Bites,"£2,275",115,6/27/2022
Barr Faughny,Canada,Orange Choco,"£7,602",18,6/30/2022
Roddy Speechley,Australia,85% Dark Bars,"£4,200",80,7/8/2022
Oby Sorrel,India,Spicy Special Slims,"£11,137",88,6/8/2022
Jan Morforth,UK,Manuka Honey Choco,"£3,388",212,8/18/2022
Kaine Padly,Australia,After Nines,"£6,832",306,4/8/2022
Wilone O'Kielt,Canada,Fruit & Nut Bars,"£3,437",181,8/8/2022
Wilone O'Kielt,UK,Milk Bars,£301,65,8/26/2022
Oby Sorrel,Canada,Fruit & Nut Bars,"£1,869",158,1/14/2022
Dennison Crosswaite,USA,Baker's Choco Chips,"£17,465",271,8/11/2022
Madelene Upcott,USA,Almond Choco,"£10,143",24,5/31/2022
Van Tuxwell,New Zealand,50% Dark Bites,"£3,626",10,7/11/2022
Karlen McCaffrey,Canada,Caramel Stuffed Bars,"£3,346",304,3/2/2022
Madelene Upcott,Australia,Raspberry Choco,"£6,321",88,7/13/2022
Rafaelita Blaksland,UK,Spicy Special Slims,"£9,345",133,8/3/2022
Curtice Advani,UK,Peanut Butter Cubes,"£15,008",165,3/1/2022
Kelci Walkden,New Zealand,White Choc,"£7,609",150,4/13/2022
Beverie Moffet,Canada,Fruit & Nut Bars,"£10,332",180,2/14/2022
Mallorie Waber,India,White Choc,£819,213,7/26/2022
Brien Boise,UK,Drinking Coco,"£5,754",133,1/27/2022
Jehu Rudeforth,India,Peanut Butter Cubes,£28,446,4/14/2022
Oby Sorrel,USA,Almond Choco,"£6,440",141,5/19/2022
Husein Augar,India,Eclairs,"£4,956",58,2/9/2022
Brien Boise,UK,Spicy Special Slims,"£2,352",58,5/25/2022
Oby Sorrel,Australia,Manuka Honey Choco,"£3,906",76,1/26/2022
Beverie Moffet,India,White Choc,"£1,813",296,7/4/2022
Ches Bonnell,India,Almond Choco,"£11,788",73,4/13/2022
Gigi Bohling,Australia,Smooth Sliky Salty,"£5,768",119,1/25/2022
Camilla Castle,USA,85% Dark Bars,"£2,401",78,4/25/2022
Camilla Castle,USA,Eclairs,"£4,515",392,6/10/2022
Madelene Upcott,New Zealand,White Choc,"£10,794",51,8/22/2022
Van Tuxwell,India,After Nines,"£13,706",207,6/27/2022
Husein Augar,India,Orange Choco,"£4,361",40,6/30/2022
Jehu Rudeforth,India,Almond Choco,"£10,122",100,8/30/2022
Karlen McCaffrey,Australia,Raspberry Choco,£994,57,8/23/2022
Camilla Castle,New Zealand,99% Dark & Pure,"£2,268",42,8/26/2022
Gigi Bohling,Australia,Orange Choco,£574,156,3/9/2022
Kelci Walkden,UK,Drinking Coco,"£1,792",23,4/20/2022
Mallorie Waber,Canada,Caramel Stuffed Bars,"£4,844",539,6/10/2022
Husein Augar,Australia,Organic Choco Syrup,£938,158,2/8/2022
Brien Boise,Australia,White Choc,"£4,879",22,8/25/2022
Dotty Strutley,India,Peanut Butter Cubes,"£9,107",73,2/16/2022
Dennison Crosswaite,UK,99% Dark & Pure,"£12,187",27,5/30/2022
Gigi Bohling,New Zealand,50% Dark Bites,"£5,670",64,6/29/2022
Gigi Bohling,USA,Milk Bars,£476,133,6/16/2022
Brien Boise,UK,Caramel Stuffed Bars,"£2,681",149,3/4/2022
Curtice Advani,New Zealand,Peanut Butter Cubes,"£1,533",434,3/15/2022
Curtice Advani,New Zealand,50% Dark Bites,"£9,765",85,1/27/2022
Beverie Moffet,Canada,Drinking Coco,£994,118,7/5/2022
Barr Faughny,USA,Caramel Stuffed Bars,"£3,318",299,3/29/2022
Mallorie Waber,Canada,Almond Choco,"£4,214",35,5/12/2022
Oby Sorrel,USA,Drinking Coco,"£7,714",44,3/11/2022
Brien Boise,New Zealand,Eclairs,"£4,690",299,7/11/2022
Gunar Cockshoot,New Zealand,Choco Coated Almonds,"£13,062",62,8/1/2022
Gunar Cockshoot,UK,Spicy Special Slims,"£12,488",200,2/16/2022
Curtice Advani,USA,After Nines,"£14,147",235,4/13/2022
Oby Sorrel,India,Choco Coated Almonds,£49,363,2/14/2022
Ches Bonnell,Australia,Peanut Butter Cubes,"£10,199",68,3/14/2022
Oby Sorrel,Australia,Spicy Special Slims,"£11,389",26,4/26/2022
Jehu Rudeforth,Canada,Manuka Honey Choco,"£3,584",200,4/5/2022
Camilla Castle,Canada,Drinking Coco,"£12,481",264,3/3/2022
Kaine Padly,USA,Spicy Special Slims,"£2,107",175,6/13/2022
Marney O'Breen,New Zealand,70% Dark Bites,"£8,603",352,2/14/2022
Roddy Speechley,New Zealand,99% Dark & Pure,"£7,483",183,4/18/2022
Oby Sorrel,New Zealand,85% Dark Bars,"£3,381",417,2/1/2022
Dotty Strutley,New Zealand,Orange Choco,"£2,030",146,8/4/2022
Andria Kimpton,New Zealand,Almond Choco,"£6,559",158,4/5/2022
Karlen McCaffrey,Australia,99% Dark & Pure,"£10,822",168,1/26/2022
Kaine Padly,UK,After Nines,"£18,697",176,1/21/2022
Kaine Padly,Canada,After Nines,"£5,845",172,8/22/2022
Kaine Padly,UK,Drinking Coco,"£2,317",224,1/27/2022
Rafaelita Blaksland,UK,50% Dark Bites,"£10,150",68,2/16/2022
Dotty Strutley,USA,Raspberry Choco,"£3,437",46,1/3/2022
Karlen McCaffrey,USA,White Choc,"£4,592",2,8/24/2022
Oby Sorrel,USA,Spicy Special Slims,"£5,691",417,2/7/2022
Mallorie Waber,Australia,Smooth Sliky Salty,"£4,158",109,2/11/2022
Kaine Padly,Canada,Organic Choco Syrup,"£5,684",81,3/29/2022
Marney O'Breen,USA,Peanut Butter Cubes,£693,350,6/15/2022
Dennison Crosswaite,UK,Smooth Sliky Salty,£546,142,4/26/2022
Brien Boise,Australia,Organic Choco Syrup,"£4,263",264,7/15/2022
Beverie Moffet,India,Organic Choco Syrup,"£1,036",20,6/23/2022
Dennison Crosswaite,Australia,Baker's Choco Chips,"£13,846",421,1/11/2022
Beverie Moffet,UK,50% Dark Bites,"£2,499",271,2/9/2022
Van Tuxwell,UK,Almond Choco,"£10,689",204,6/6/2022
Dotty Strutley,UK,Caramel Stuffed Bars,"£5,768",235,8/10/2022
Wilone O'Kielt,Australia,Smooth Sliky Salty,"£2,226",46,1/4/2022
Andria Kimpton,Canada,70% Dark Bites,"£10,262",15,4/8/2022
Barr Faughny,UK,Milk Bars,"£3,864",430,3/2/2022
Van Tuxwell,Canada,Drinking Coco,"£4,900",709,6/15/2022
Jehu Rudeforth,Australia,After Nines,"£5,250",47,2/14/2022
Husein Augar,UK,After Nines,"£3,507",380,7/5/2022
Barr Faughny,India,Mint Chip Choco,"£7,413",465,1/12/2022
Curtice Advani,India,Mint Chip Choco,"£8,155",96,3/3/2022
Jehu Rudeforth,New Zealand,Milk Bars,"£2,478",188,5/18/2022
Gunar Cockshoot,India,Caramel Stuffed Bars,"£2,471",202,7/28/2022
Curtice Advani,UK,Manuka Honey Choco,"£1,666",106,2/7/2022
Andria Kimpton,India,Orange Choco,£301,421,5/30/2022
Mallorie Waber,Australia,Raspberry Choco,"£8,400",27,4/25/2022
Beverie Moffet,Canada,85% Dark Bars,"£6,139",45,2/16/2022
Kelci Walkden,Australia,Drinking Coco,"£1,288",60,5/4/2022
Van Tuxwell,Canada,70% Dark Bites,"£7,077",77,6/2/2022
Dennison Crosswaite,USA,Caramel Stuffed Bars,"£2,317",464,7/11/2022
Beverie Moffet,New Zealand,Spicy Special Slims,£63,60,6/7/2022
Jan Morforth,UK,Almond Choco,"£9,744",157,7/6/2022
Husein Augar,India,Raspberry Choco,"£9,954",154,6/15/2022
Dotty Strutley,India,Mint Chip Choco,"£1,260",239,4/14/2022
Camilla Castle,India,Drinking Coco,£469,163,8/8/2022
Marney O'Breen,UK,Drinking Coco,£973,28,3/29/2022
Roddy Speechley,Australia,Organic Choco Syrup,"£3,647",76,7/4/2022
Ches Bonnell,India,99% Dark & Pure,£455,96,2/16/2022
Rafaelita Blaksland,Canada,Spicy Special Slims,"£2,520",156,5/2/2022
Van Tuxwell,India,Eclairs,"£10,500",106,7/21/2022
Gunar Cockshoot,Australia,99% Dark & Pure,"£7,952",235,8/18/2022
Kaine Padly,USA,85% Dark Bars,£483,259,6/22/2022
Camilla Castle,UK,Peanut Butter Cubes,"£4,872",126,7/19/2022
Madelene Upcott,UK,Peanut Butter Cubes,"£7,756",85,8/12/2022
Madelene Upcott,USA,Choco Coated Almonds,"£5,446",132,6/7/2022
Marney O'Breen,Canada,Peanut Butter Cubes,"£6,594",91,3/8/2022
Ches Bonnell,Australia,Choco Coated Almonds,"£1,470",167,4/8/2022
Curtice Advani,Canada,Eclairs,£721,203,5/6/2022
Roddy Speechley,India,Drinking Coco,"£4,494",11,5/31/2022
Van Tuxwell,Australia,Mint Chip Choco,"£2,674",295,1/13/2022
Dennison Crosswaite,USA,70% Dark Bites,£658,77,3/15/2022
Andria Kimpton,Canada,Peanut Butter Cubes,"£1,127",319,2/16/2022
Gigi Bohling,USA,70% Dark Bites,"£7,364",196,1/14/2022
Rafaelita Blaksland,Australia,White Choc,"£6,818",102,3/21/2022
Roddy Speechley,Canada,Drinking Coco,"£6,776",312,5/17/2022
Camilla Castle,New Zealand,85% Dark Bars,"£15,099",55,8/8/2022
Madelene Upcott,Canada,Milk Bars,"£3,612",82,4/26/2022
Madelene Upcott,Australia,70% Dark Bites,"£3,710",260,4/15/2022
Oby Sorrel,Canada,Eclairs,"£6,111",591,5/19/2022
Dennison Crosswaite,Canada,Drinking Coco,"£2,702",24,1/10/2022
Mallorie Waber,New Zealand,After Nines,£483,228,5/4/2022
Roddy Speechley,Canada,White Choc,"£5,887",268,4/5/2022
Andria Kimpton,India,After Nines,£952,68,1/17/2022
Roddy Speechley,India,Spicy Special Slims,"£10,647",173,3/22/2022
Dotty Strutley,Australia,White Choc,"£6,055",93,7/5/2022
Oby Sorrel,Canada,Orange Choco,"£8,757",338,4/27/2022
Kaine Padly,Canada,Almond Choco,"£6,055",73,8/12/2022
Jan Morforth,UK,Baker's Choco Chips,£721,251,3/11/2022
Jehu Rudeforth,UK,Fruit & Nut Bars,"£8,589",229,5/13/2022
Dennison Crosswaite,USA,Smooth Sliky Salty,"£11,781",91,5/12/2022
Brien Boise,USA,Raspberry Choco,£672,194,1/12/2022
Madelene Upcott,New Zealand,Milk Bars,"£12,558",403,3/29/2022
Roddy Speechley,India,50% Dark Bites,"£8,337",12,3/14/2022
Barr Faughny,New Zealand,99% Dark & Pure,"£8,134",195,5/24/2022
Dennison Crosswaite,Canada,Organic Choco Syrup,"£8,491",75,1/28/2022
Beverie Moffet,India,Almond Choco,"£3,066",96,5/24/2022
Brien Boise,Australia,Peanut Butter Cubes,£301,205,8/19/2022
Karlen McCaffrey,Australia,Spicy Special Slims,"£4,410",323,5/17/2022
Jehu Rudeforth,USA,White Choc,"£6,559",119,6/7/2022
Ches Bonnell,Canada,Organic Choco Syrup,£574,217,7/26/2022
Dotty Strutley,India,Eclairs,"£2,086",384,7/28/2022
Karlen McCaffrey,India,70% Dark Bites,"£5,075",344,5/23/2022
